timestamp,datetime,service/carts/qps(2xx),service/carts/latency,service/catalogue/qps(2xx),service/catalogue/latency,service/front-end/qps(2xx),service/front-end/latency,service/orders/qps(2xx),service/orders/latency,service/payment/qps(2xx),service/payment/latency,service/shipping/qps(2xx),service/shipping/latency,service/user/qps(2xx),service/user/latency,service/front-end/qps(4xx/5xx),container/carts/CPU Usage,container/carts/MEM Usage,container/carts/FS Reads Bytes,container/carts/FS Writes Bytes,container/carts/Network Input Bytes,container/carts/Network Output Bytes,container/carts/Network Input Packets,container/carts/Network Output Packets,container/carts-db/CPU Usage,container/carts-db/MEM Usage,container/carts-db/FS Reads Bytes,container/carts-db/FS Writes Bytes,container/carts-db/Network Input Bytes,container/carts-db/Network Output Bytes,container/carts-db/Network Input Packets,container/carts-db/Network Output Packets,container/catalogue/CPU Usage,container/catalogue/MEM Usage,container/catalogue/FS Reads Bytes,container/catalogue/FS Writes Bytes,container/catalogue/Network Input Bytes,container/catalogue/Network Output Bytes,container/catalogue/Network Input Packets,container/catalogue/Network Output Packets,container/catalogue-db/CPU Usage,container/catalogue-db/MEM Usage,container/catalogue-db/FS Reads Bytes,container/catalogue-db/FS Writes Bytes,container/catalogue-db/Network Input Bytes,container/catalogue-db/Network Output Bytes,container/catalogue-db/Network Input Packets,container/catalogue-db/Network Output Packets,container/front-end/CPU Usage,container/front-end/MEM Usage,container/front-end/FS Reads Bytes,container/front-end/FS Writes Bytes,container/front-end/Network Input Bytes,container/front-end/Network Output Bytes,container/front-end/Network Input Packets,container/front-end/Network Output Packets,container/orders/CPU Usage,container/orders/MEM Usage,container/orders/FS Reads Bytes,container/orders/FS Writes Bytes,container/orders/Network Input Bytes,container/orders/Network Output Bytes,container/orders/Network Input Packets,container/orders/Network Output Packets,container/orders-db/CPU Usage,container/orders-db/MEM Usage,container/orders-db/FS Reads Bytes,container/orders-db/FS Writes Bytes,container/orders-db/Network Input Bytes,container/orders-db/Network Output Bytes,container/orders-db/Network Input Packets,container/orders-db/Network Output Packets,container/payment/CPU Usage,container/payment/MEM Usage,container/payment/FS Reads Bytes,container/payment/FS Writes Bytes,container/payment/Network Input Bytes,container/payment/Network Output Bytes,container/payment/Network Input Packets,container/payment/Network Output Packets,container/shipping/CPU Usage,container/shipping/MEM Usage,container/shipping/FS Reads Bytes,container/shipping/FS Writes Bytes,container/shipping/Network Input Bytes,container/shipping/Network Output Bytes,container/shipping/Network Input Packets,container/shipping/Network Output Packets,container/user/CPU Usage,container/user/MEM Usage,container/user/FS Reads Bytes,container/user/FS Writes Bytes,container/user/Network Input Bytes,container/user/Network Output Bytes,container/user/Network Input Packets,container/user/Network Output Packets,container/user-db/CPU Usage,container/user-db/MEM Usage,container/user-db/FS Reads Bytes,container/user-db/FS Writes Bytes,container/user-db/Network Input Bytes,container/user-db/Network Output Bytes,container/user-db/Network Input Packets,container/user-db/Network Output Packets,container/rabbitmq/CPU Usage,container/rabbitmq/MEM Usage,container/rabbitmq/FS Reads Bytes,container/rabbitmq/FS Writes Bytes,container/rabbitmq/Network Input Bytes,container/rabbitmq/Network Output Bytes,container/rabbitmq/Network Input Packets,container/rabbitmq/Network Output Packets,container/queue-master/CPU Usage,container/queue-master/MEM Usage,container/queue-master/FS Reads Bytes,container/queue-master/FS Writes Bytes,container/queue-master/Network Input Bytes,container/queue-master/Network Output Bytes,container/queue-master/Network Input Packets,container/queue-master/Network Output Packets,node/192.168.199.31:9100/System Load,node/192.168.199.31:9100/CPU Usage,node/192.168.199.31:9100/Memory Usage,node/192.168.199.31:9100/Disk Write,node/192.168.199.31:9100/Disk Read,node/192.168.199.31:9100/Network Received,node/192.168.199.31:9100/Network Transmitted,node/192.168.199.32:9100/System Load,node/192.168.199.32:9100/CPU Usage,node/192.168.199.32:9100/Memory Usage,node/192.168.199.32:9100/Disk Write,node/192.168.199.32:9100/Disk Read,node/192.168.199.32:9100/Network Received,node/192.168.199.32:9100/Network Transmitted,node/192.168.199.33:9100/System Load,node/192.168.199.33:9100/CPU Usage,node/192.168.199.33:9100/Memory Usage,node/192.168.199.33:9100/Disk Write,node/192.168.199.33:9100/Disk Read,node/192.168.199.33:9100/Network Received,node/192.168.199.33:9100/Network Transmitted,node/192.168.199.34:9100/System Load,node/192.168.199.34:9100/CPU Usage,node/192.168.199.34:9100/Memory Usage,node/192.168.199.34:9100/Disk Write,node/192.168.199.34:9100/Disk Read,node/192.168.199.34:9100/Network Received,node/192.168.199.34:9100/Network Transmitted,node/192.168.199.35:9100/System Load,node/192.168.199.35:9100/CPU Usage,node/192.168.199.35:9100/Memory Usage,node/192.168.199.35:9100/Disk Write,node/192.168.199.35:9100/Disk Read,node/192.168.199.35:9100/Network Received,node/192.168.199.35:9100/Network Transmitted
1577181600,2019-12-24 18:00:00,0,null,0,0.0020913504999988675,3.3335111585311634,0.0013041142708572057,0,null,0,0.0031233995000015113,0,null,0,0.005207863500000798,0,0.0012068125888887423,360566784,0,0,182.01111111111112,1439.225925925926,1.2222222222222223,0.9296296296296297,0.003198882051852976,707010560,0,4278.044444444445,87.63703703703705,2802.8481481481485,0.8148148148148149,0.6185185185185186,0.0011900073037037584,22683648,0,0,76.85925925925926,103.44814814814815,0.14814814814814814,0.08888888888888889,0.000777052022221967,266907648,0,0,166.3925925925926,1944.9555555555557,1.8629629629629632,1.3074074074074074,0.0023596281607409413,76584550.4,0,0,3400.8222222222225,44372.34814814814,33.47777777777778,24.025925925925925,0.0008443602955554542,329407692.8,0,0,702.1,3605.3814814814814,3.155555555555556,2.6370370370370373,0.003074091359258933,596377600,0,4551.111111111111,216.6518518518519,2816.5481481481484,2.4296296296296296,1.1481481481481481,0.0011940859703703614,20385792,0,0,86,116.21851851851852,0.15555555555555556,0.08888888888888889,0.0007087931259261664,306716672,0,0,110.11851851851851,710.362962962963,0.5370370370370371,0.3888888888888889,0.0005307373814806245,36392960,0,0,186.4888888888889,295.11851851851856,1.4370370370370371,1.4407407407407407,0.0032779445037030438,560431104,0,2184.5333333333333,170.8888888888889,1716.0962962962965,2.1666666666666665,1.6555555555555557,0.008442908555556036,132956160,0,0,91.82222222222222,298.92962962962963,0.6518518518518519,0.5555555555555556,0.0014554861148141115,309702656,0,0,387.1851851851852,510.91111111111115,4.607407407407408,3.944444444444445,1.27,18.466666666671163,1453752320,420886.7555555555,0,54614.08148148148,174804.55185185187,0.86,13.933333333329756,4100349952,418247.11111111107,91.02222222222221,180865.44444444447,165683.0888888889,0.87,16.700000000000205,496193536,709154.1333333333,0,90505.02592592593,77433.38518518518,0.76,11.866666666667431,6009856000,173761.4222222222,0,366116.29259259265,302166.58518518513,1,15.033333333336369,5585154048,128796.44444444444,0,406761.17037037044,373320.0777777776
1577181610,2019-12-24 18:00:10,0,null,0,0.0017939565000002489,3.333511158531164,0.0012792348181148892,0,null,0,0.0031233995000015113,0,null,0,0.005207863500000798,0,0.0012068125888887423,360566784,0,0,182.01111111111112,1439.225925925926,1.2222222222222223,0.9296296296296297,0.003198882051852976,707010560,0,4278.044444444445,87.63703703703705,2802.8481481481485,0.8148148148148149,0.6185185185185186,0.0011900073037037584,22683648,0,0,76.85925925925926,103.44814814814815,0.14814814814814814,0.08888888888888889,0.000777052022221967,266907648,0,0,166.3925925925926,1944.9555555555557,1.8629629629629632,1.3074074074074074,0.0023596281607409413,76584550.4,0,0,3400.8222222222225,44372.34814814814,33.47777777777778,24.025925925925925,0.0008443602955554542,329407692.8,0,0,702.1,3605.3814814814814,3.155555555555556,2.6370370370370373,0.003074091359258933,596377600,0,4551.111111111111,216.6518518518519,2816.5481481481484,2.4296296296296296,1.1481481481481481,0.0011940859703703614,20385792,0,0,86,116.21851851851852,0.15555555555555556,0.08888888888888889,0.0007087931259261664,306716672,0,0,110.11851851851851,710.362962962963,0.5370370370370371,0.3888888888888889,0.0005307373814806245,36392960,0,0,186.4888888888889,295.11851851851856,1.4370370370370371,1.4407407407407407,0.0032779445037030438,560431104,0,2184.5333333333333,170.8888888888889,1716.0962962962965,2.1666666666666665,1.6555555555555557,0.008442908555556036,132956160,0,0,91.82222222222222,298.92962962962963,0.6518518518518519,0.5555555555555556,0.0014554861148141115,309702656,0,0,387.1851851851852,510.91111111111115,4.607407407407408,3.944444444444445,1.27,18.466666666671163,1453752320,420886.7555555555,0,54614.08148148148,174804.55185185187,0.86,13.933333333329756,4100349952,418247.11111111107,91.02222222222221,180865.44444444447,165683.0888888889,0.7,18.433333333333398,489234432,721715.2,0,87135.56296296297,75110.8851851852,0.52,10.99999999999912,6009991168,173033.24444444443,0,365424.75925925927,300500.6703703704,1,15.033333333336369,5585154048,128796.44444444444,0,406761.17037037044,373320.0777777776
1577181620,2019-12-24 18:00:20,0,null,0,0.0017939565000002489,3.333333333333333,0.0013361871599996712,0,null,0,0.002493438500000167,0,null,0,0.005207863500000798,0,0.0012868285592587737,360566784,0,0,157.56666666666666,1414.7814814814815,0.8518518518518519,0.5592592592592592,0.0030715542555602346,707010560,0,4581.451851851852,88.34074074074074,2804.0444444444447,0.8222222222222223,0.6222222222222222,0.0011900073037037584,22683648,0,0,76.85925925925926,103.44814814814815,0.14814814814814814,0.08888888888888889,0.000777052022221967,266907648,0,0,166.3925925925926,1944.9555555555557,1.8629629629629632,1.3074074074074074,0.002364314484444608,76610764.8,0,0,3421.6555555555556,44615.592592592584,33.644444444444446,24.162962962962965,0.000834944493333591,329407692.8,0,0,708.762962962963,3681.5703703703703,3.174074074074074,2.6296296296296298,0.003074091359258933,596377600,0,4551.111111111111,216.6518518518519,2816.5481481481484,2.4296296296296296,1.1481481481481481,0.0011940859703703614,20385792,0,0,86,116.21851851851852,0.15555555555555556,0.08888888888888889,0.0007087931259261664,306716672,0,0,110.11851851851851,710.362962962963,0.5370370370370371,0.3888888888888889,0.0005307373814806245,36392960,0,0,186.4888888888889,295.11851851851856,1.4370370370370371,1.4407407407407407,0.0031773423666655383,560324608,0,1941.8074074074075,155.7777777777778,1547.1333333333334,1.9666666666666666,1.4962962962962965,0.008569895644444403,132956160,0,0,92.8962962962963,299.8333333333333,0.6703703703703704,0.5703703703703704,0.0014533344333333136,309702656,0,0,396.5555555555556,522.2592592592592,4.722222222222222,4.033333333333333,1.64,17.699999999999864,1454039040,322855.8222222222,0,54273.414814814816,168722.54814814814,0.86,13.933333333329756,4100349952,418247.11111111107,91.02222222222221,180865.44444444447,165683.0888888889,0.7,18.433333333333398,489234432,721715.2,0,87135.56296296297,75110.8851851852,0.52,10.99999999999912,6009991168,173033.24444444443,0,365424.75925925927,300500.6703703704,1,15.033333333336369,5585154048,128796.44444444444,0,406761.17037037044,373320.0777777776
1577181630,2019-12-24 18:00:30,0,null,0,0.0017939565000002489,3.333333333333333,0.0013280701799998165,0,null,0,0.002493438500000167,0,null,0,0.0036325810000015224,0,0.0012868285592587737,360566784,0,0,157.56666666666666,1414.7814814814815,0.8518518518518519,0.5592592592592592,0.0030715542555602346,707010560,0,4581.451851851852,88.34074074074074,2804.0444444444447,0.8222222222222223,0.6222222222222222,0.0011892637148147541,22683648,0,0,86.62222222222222,116.51481481481481,0.1703703703703704,0.10370370370370371,0.0007714601148146963,266907648,0,0,187.46666666666667,2188.5333333333333,2.1,1.4777777777777779,0.002319369218518609,74931404.8,0,0,3404.9074074074074,44444.903703703705,33.52592592592593,24.114814814814817,0.0008331679681484056,329407692.8,0,0,722.1074074074074,3762.4740740740745,3.233333333333333,2.677777777777778,0.003059447292592823,596377600,0,4551.111111111111,216.46666666666667,2814.4,2.433333333333333,1.1444444444444446,0.001189472088888871,20353024,0,0,86,116.21851851851852,0.15555555555555556,0.08888888888888889,0.000732974377777922,306716672,0,0,110.54814814814814,710.762962962963,0.5444444444444445,0.3962962962962963,0.000568768907406694,36392960,0,0,198.9777777777778,307.8666666666667,1.6222222222222222,1.6296296296296298,0.0031773423666655383,560324608,0,1941.8074074074075,155.7777777777778,1547.1333333333334,1.9666666666666666,1.4962962962962965,0.008569895644444403,132956160,0,0,92.8962962962963,299.8333333333333,0.6703703703703704,0.5703703703703704,0.0014533344333333136,309702656,0,0,396.5555555555556,522.2592592592592,4.722222222222222,4.033333333333333,1.64,17.699999999999864,1454039040,322855.8222222222,0,54273.414814814816,168722.54814814814,1.07,16.200000000000486,4084379648,455657.2444444444,91.02222222222221,184254.51481481481,167545.70370370368,0.7,18.433333333333398,489234432,721715.2,0,87135.56296296297,75110.8851851852,0.52,10.99999999999912,6009991168,173033.24444444443,0,365424.75925925927,300500.6703703704,1.17,15.400000000001151,5588860928,123062.04444444443,0,406993.3148148147,374020.3037037038
1577181640,2019-12-24 18:00:40,0,null,0,0.0026600150000000156,3.333333333333333,0.0013761918000000331,0,null,0,0.002493438500000167,0,null,0,0.0036325810000015224,0,0.0012868285592587737,360566784,0,0,157.56666666666666,1414.7814814814815,0.8518518518518519,0.5592592592592592,0.0030715542555602346,707010560,0,4581.451851851852,88.34074074074074,2804.0444444444447,0.8222222222222223,0.6222222222222222,0.0011892637148147541,22683648,0,0,86.62222222222222,116.51481481481481,0.1703703703703704,0.10370370370370371,0.0007714601148146963,266907648,0,0,187.46666666666667,2188.5333333333333,2.1,1.4777777777777779,0.002319369218518609,74931404.8,0,0,3404.9074074074074,44444.903703703705,33.52592592592593,24.114814814814817,0.0008331679681484056,329407692.8,0,0,722.1074074074074,3762.4740740740745,3.233333333333333,2.677777777777778,0.003059447292592823,596377600,0,4551.111111111111,216.46666666666667,2814.4,2.433333333333333,1.1444444444444446,0.001189472088888871,20353024,0,0,86,116.21851851851852,0.15555555555555556,0.08888888888888889,0.000732974377777922,306716672,0,0,110.54814814814814,710.762962962963,0.5444444444444445,0.3962962962962963,0.000568768907406694,36392960,0,0,198.9777777777778,307.8666666666667,1.6222222222222222,1.6296296296296298,0.0031773423666655383,560324608,0,1941.8074074074075,155.7777777777778,1547.1333333333334,1.9666666666666666,1.4962962962962965,0.008569895644444403,132956160,0,0,92.8962962962963,299.8333333333333,0.6703703703703704,0.5703703703703704,0.0014533344333333136,309702656,0,0,396.5555555555556,522.2592592592592,4.722222222222222,4.033333333333333,1.64,17.699999999999864,1454039040,322855.8222222222,0,54273.414814814816,168722.54814814814,1.07,16.200000000000486,4084379648,455657.2444444444,91.02222222222221,184254.51481481481,167545.70370370368,0.95,14.733333333333226,490373120,773688.8888888888,0,87250.81851851853,75604.42962962964,0.38,11.700000000003948,6013612032,96574.57777777777,364.08888888888885,360524.07407407404,301932.4111111112,1.17,15.400000000001151,5588860928,123062.04444444443,0,406993.3148148147,374020.3037037038
1577181650,2019-12-24 18:00:50,0,null,0,0.0026600150000000156,3.333333333333333,0.001226543219999616,0,null,0,0.013534978499997408,0,null,0,0.0036325810000015224,0,0.0012650830888863613,360566784,0,0,181.92222222222225,1439.388888888889,1.2222222222222223,0.9333333333333333,0.0031861013777718956,707010560,0,4702.814814814815,112.48148148148148,2827.4481481481484,1.1925925925925926,0.9925925925925926,0.0011892637148147541,22683648,0,0,86.62222222222222,116.51481481481481,0.1703703703703704,0.10370370370370371,0.0007714601148146963,266907648,0,0,187.46666666666667,2188.5333333333333,2.1,1.4777777777777779,0.002282869128889194,75165696,0,0,3384.251851851852,44132.88148148148,33.27407407407408,23.925925925925927,0.00083593959111117,329407692.8,0,0,727.4962962962964,3766.351851851852,3.2703703703703706,2.7259259259259263,0.003059447292592823,596377600,0,4551.111111111111,216.46666666666667,2814.4,2.433333333333333,1.1444444444444446,0.001189472088888871,20353024,0,0,86,116.21851851851852,0.15555555555555556,0.08888888888888889,0.000732974377777922,306716672,0,0,110.54814814814814,710.762962962963,0.5444444444444445,0.3962962962962963,0.000568768907406694,36392960,0,0,198.9777777777778,307.8666666666667,1.6222222222222222,1.6296296296296298,0.0033028147407397532,560324608,0,2123.851851851852,191.3777777777778,1736.3370370370371,2.4740740740740743,1.9592592592592595,0.008910384977777405,132956160,0,0,92.49629629629631,299.44814814814816,0.662962962962963,0.562962962962963,0.0014298137555560635,309702656,0,0,403.8444444444445,534.2740740740741,4.803703703703704,4.12962962962963,1.53,23.83333333333676,1459404800,344883.2,0,53702.351851851854,167973.37777777782,1.07,16.200000000000486,4084379648,455657.2444444444,91.02222222222221,184254.51481481481,167545.70370370368,0.95,14.733333333333226,490373120,773688.8888888888,0,87250.81851851853,75604.42962962964,0.38,11.700000000003948,6013612032,96574.57777777777,364.08888888888885,360524.07407407404,301932.4111111112,1.17,15.400000000001151,5588860928,123062.04444444443,0,406993.3148148147,374020.3037037038
1577181660,2019-12-24 18:01:00,0,null,0,0.0026600150000000156,3.333333333333333,0.0012631265099995836,0,null,0,0.013534978499997408,0,null,0,0.0038053625000031843,0,0.0012650830888863613,360566784,0,0,181.92222222222225,1439.388888888889,1.2222222222222223,0.9333333333333333,0.0031861013777718956,707010560,0,4702.814814814815,112.48148148148148,2827.4481481481484,1.1925925925925926,0.9925925925925926,0.0011782027185185378,22683648,0,0,86.62222222222222,116.53333333333333,0.1703703703703704,0.10370370370370371,0.0007695212370368541,266907648,0,0,187.46666666666667,2188.777777777778,2.1,1.4814814814814816,0.0023195824177780736,75493376,0,0,3357.614814814815,43823.014814814815,33.03333333333333,23.785185185185185,0.000843899051851959,329407692.8,0,0,719.3629629629631,3689.1814814814816,3.2481481481481485,2.7259259259259263,0.002997576137037144,596377600,0,4733.155555555556,213.6518518518519,2809.614814814815,2.403703703703704,1.1296296296296298,0.0011842670037036963,20353024,0,0,85.84444444444445,116.04814814814814,0.15185185185185185,0.0851851851851852,0.0007422820925925138,306716672,0,0,99.25925925925925,632.4888888888889,0.5037037037037038,0.36666666666666664,0.0005307727962948169,36392960,0,0,204.46296296296296,313.60740740740744,1.7037037037037037,1.7148148148148148,0.0033028147407397532,560324608,0,2123.851851851852,191.3777777777778,1736.3370370370371,2.4740740740740743,1.9592592592592595,0.008910384977777405,132956160,0,0,92.49629629629631,299.44814814814816,0.662962962962963,0.562962962962963,0.0014298137555560635,309702656,0,0,403.8444444444445,534.2740740740741,4.803703703703704,4.12962962962963,1.53,23.83333333333676,1459404800,344883.2,0,53702.351851851854,167973.37777777782,1.35,26.366666666663246,4104228864,448512,91.02222222222221,180948.0481481481,166113.14444444445,0.95,14.733333333333226,490373120,773688.8888888888,0,87250.81851851853,75604.42962962964,0.38,11.700000000003948,6013612032,96574.57777777777,364.08888888888885,360524.07407407404,301932.4111111112,1.14,15.566666666662421,5587419136,125792.7111111111,0,406618.60740740754,373709.60000000003
1577181670,2019-12-24 18:01:10,0,null,0,0.0021553460000003355,3.333333333333333,0.0013382664999994456,0,null,0,0.013534978499997408,0,null,0,0.0038053625000031843,0,0.0012650830888863613,360566784,0,0,181.92222222222225,1439.388888888889,1.2222222222222223,0.9333333333333333,0.0031861013777718956,707010560,0,4702.814814814815,112.48148148148148,2827.4481481481484,1.1925925925925926,0.9925925925925926,0.0011782027185185378,22683648,0,0,86.62222222222222,116.53333333333333,0.1703703703703704,0.10370370370370371,0.0007695212370368541,266907648,0,0,187.46666666666667,2188.777777777778,2.1,1.4814814814814816,0.0023195824177780736,75493376,0,0,3357.614814814815,43823.014814814815,33.03333333333333,23.785185185185185,0.000843899051851959,329407692.8,0,0,719.3629629629631,3689.1814814814816,3.2481481481481485,2.7259259259259263,0.002997576137037144,596377600,0,4733.155555555556,213.6518518518519,2809.614814814815,2.403703703703704,1.1296296296296298,0.0011842670037036963,20353024,0,0,85.84444444444445,116.04814814814814,0.15185185185185185,0.0851851851851852,0.0007422820925925138,306716672,0,0,99.25925925925925,632.4888888888889,0.5037037037037038,0.36666666666666664,0.0005307727962948169,36392960,0,0,204.46296296296296,313.60740740740744,1.7037037037037037,1.7148148148148148,0.0033028147407397532,560324608,0,2123.851851851852,191.3777777777778,1736.3370370370371,2.4740740740740743,1.9592592592592595,0.008910384977777405,132956160,0,0,92.49629629629631,299.44814814814816,0.662962962962963,0.562962962962963,0.0014298137555560635,309702656,0,0,403.8444444444445,534.2740740740741,4.803703703703704,4.12962962962963,1.53,23.83333333333676,1459404800,344883.2,0,53702.351851851854,167973.37777777782,1.35,26.366666666663246,4104228864,448512,91.02222222222221,180948.0481481481,166113.14444444445,1.18,16.73333333333349,489684992,756030.5777777777,2912.7111111111108,88885.24444444446,76500.49259259259,0.5,12.166666666666243,6015909888,70724.26666666666,728.1777777777777,365155.96666666673,300187.6518518519,1.14,15.566666666662421,5587419136,125792.7111111111,0,406618.60740740754,373709.60000000003
1577181680,2019-12-24 18:01:20,0,null,0,0.0021553460000003355,3.333333333333333,0.0013285005400001462,0,null,0,0.0030432835000020475,0,null,0,0.0038053625000031843,0,0.0013042659888890707,360566784,0,0,197.28148148148148,1595.4740740740742,1.3148148148148149,0.9851851851851852,0.0031663699370390666,707022848,0,4884.8592592592595,112.52962962962964,2825.418518518519,1.1888888888888889,0.9888888888888889,0.0011782027185185378,22683648,0,0,86.62222222222222,116.53333333333333,0.1703703703703704,0.10370370370370371,0.0007695212370368541,266907648,0,0,187.46666666666667,2188.777777777778,2.1,1.4814814814814816,0.002279861880000159,75294310.4,0,0,3383.477777777778,44134.83703703704,33.26666666666667,23.951851851851853,0.0008346266281481534,329407692.8,0,0,716.4592592592593,3687.9407407407407,3.2370370370370374,2.7148148148148152,0.002997576137037144,596377600,0,4733.155555555556,213.6518518518519,2809.614814814815,2.403703703703704,1.1296296296296298,0.0011842670037036963,20353024,0,0,85.84444444444445,116.04814814814814,0.15185185185185185,0.0851851851851852,0.0007422820925925138,306716672,0,0,99.25925925925925,632.4888888888889,0.5037037037037038,0.36666666666666664,0.0005307727962948169,36392960,0,0,204.46296296296296,313.60740740740744,1.7037037037037037,1.7148148148148148,0.003335186692594208,560324608,0,2002.488888888889,179.21481481481482,1569.651851851852,2.3296296296296295,1.8592592592592594,0.008752964370370575,132956160,0,0,92.65185185185186,299.44444444444446,0.6666666666666666,0.562962962962963,0.0014245676555556539,309702656,0,0,382.7777777777778,506.8148148148148,4.555555555555556,3.925925925925926,1.01,17.699999999999815,1461403648,334324.6222222222,0,54918.91111111111,175399.2703703704,1.35,26.366666666663246,4104228864,448512,91.02222222222221,180948.0481481481,166113.14444444445,1.18,16.73333333333349,489684992,756030.5777777777,2912.7111111111108,88885.24444444446,76500.49259259259,0.5,12.166666666666243,6015909888,70724.26666666666,728.1777777777777,365155.96666666673,300187.6518518519,1.14,15.566666666662421,5587419136,125792.7111111111,0,406618.60740740754,373709.60000000003
1577181690,2019-12-24 18:01:30,0,null,0,0.0021553460000003355,3.333333333333333,0.0013217740000002287,0,null,0,0.0030432835000020475,0,null,0,0.005817197500000759,0,0.0013042659888890707,360566784,0,0,197.28148148148148,1595.4740740740742,1.3148148148148149,0.9851851851851852,0.0031663699370390666,707022848,0,4884.8592592592595,112.52962962962964,2825.418518518519,1.1888888888888889,0.9888888888888889,0.001170151785185188,22683648,0,0,77.17037037037038,103.78888888888889,0.15555555555555556,0.0962962962962963,0.0007776485666664923,266907648,0,0,187.31111111111113,2189.1111111111113,2.0962962962962965,1.4851851851851854,0.0022688023525928133,75350835.2,0,0,3384.3962962962964,44133.5037037037,33.28148148148148,23.933333333333334,0.000826163436296299,329407692.8,0,0,715.7296296296296,3687.192592592592,3.2370370370370374,2.7037037037037037,0.0032799538518517054,596393984,0,4793.837037037038,230.94074074074072,3111.5407407407406,2.5962962962962965,1.2074074074074075,0.001162940785185219,20353024,0,0,95.2962962962963,128.85925925925926,0.16666666666666666,0.0925925925925926,0.000754054677777613,306716672,0,0,123.25185185185185,789.325925925926,0.6111111111111112,0.43333333333333335,0.0005664200222209156,36532224,0,0,191.9962962962963,301.3962962962963,1.5148148148148148,1.5296296296296297,0.003335186692594208,560324608,0,2002.488888888889,179.21481481481482,1569.651851851852,2.3296296296296295,1.8592592592592594,0.008752964370370575,132956160,0,0,92.65185185185186,299.44444444444446,0.6666666666666666,0.562962962962963,0.0014245676555556539,309702656,0,0,382.7777777777778,506.8148148148148,4.555555555555556,3.925925925925926,1.01,17.699999999999815,1461403648,334324.6222222222,0,54918.91111111111,175399.2703703704,0.87,16.19999999999976,4101881856,670105.6,91.02222222222221,181026.00370370367,166107.05555555553,1.18,16.73333333333349,489684992,756030.5777777777,2912.7111111111108,88885.24444444446,76500.49259259259,0.5,12.166666666666243,6015909888,70724.26666666666,728.1777777777777,365155.96666666673,300187.6518518519,1.41,19.86666666666868,5622726656,106496,0,794947.6740740743,774737.3851851851
1577181700,2019-12-24 18:01:40,0,null,0,0.0024562719999998706,3.333333333333333,0.0012548678799996617,0,null,0,0.0030432835000020475,0,null,0,0.005817197500000759,0,0.0013042659888890707,360566784,0,0,197.28148148148148,1595.4740740740742,1.3148148148148149,0.9851851851851852,0.0031663699370390666,707022848,0,4884.8592592592595,112.52962962962964,2825.418518518519,1.1888888888888889,0.9888888888888889,0.001170151785185188,22683648,0,0,77.17037037037038,103.78888888888889,0.15555555555555556,0.0962962962962963,0.0007776485666664923,266907648,0,0,187.31111111111113,2189.1111111111113,2.0962962962962965,1.4851851851851854,0.0022688023525928133,75350835.2,0,0,3384.3962962962964,44133.5037037037,33.28148148148148,23.933333333333334,0.000826163436296299,329407692.8,0,0,715.7296296296296,3687.192592592592,3.2370370370370374,2.7037037037037037,0.0032799538518517054,596393984,0,4793.837037037038,230.94074074074072,3111.5407407407406,2.5962962962962965,1.2074074074074075,0.001162940785185219,20353024,0,0,95.2962962962963,128.85925925925926,0.16666666666666666,0.0925925925925926,0.000754054677777613,306716672,0,0,123.25185185185185,789.325925925926,0.6111111111111112,0.43333333333333335,0.0005664200222209156,36532224,0,0,191.9962962962963,301.3962962962963,1.5148148148148148,1.5296296296296297,0.003335186692594208,560324608,0,2002.488888888889,179.21481481481482,1569.651851851852,2.3296296296296295,1.8592592592592594,0.008752964370370575,132956160,0,0,92.65185185185186,299.44444444444446,0.6666666666666666,0.562962962962963,0.0014245676555556539,309702656,0,0,382.7777777777778,506.8148148148148,4.555555555555556,3.925925925925926,1.01,17.699999999999815,1461403648,334324.6222222222,0,54918.91111111111,175399.2703703704,0.87,16.19999999999976,4101881856,670105.6,91.02222222222221,181026.00370370367,166107.05555555553,0.78,18.89999999999996,484360192,745107.911111111,2912.7111111111108,86952.64074074074,75059.18518518518,0.67,36.599999999998545,6020292608,1240359.822222222,1183.2888888888888,766901.4666666667,706418.2518518518,1.41,19.86666666666868,5622726656,106496,0,794947.6740740743,774737.3851851851
1577181710,2019-12-24 18:01:50,0,null,0,0.0024562719999998706,3.333333333333333,0.0012287199699992435,0,null,0,0.0018047334999984344,0,null,0,0.005817197500000759,0,0.0012770602111130656,360566784,0,0,196.94814814814816,1596.1962962962964,1.3111111111111113,0.9962962962962963,0.0032268581555534317,707026944,0,4824.177777777778,114.24814814814815,2828.0555555555557,1.2111111111111112,1,0.001170151785185188,22683648,0,0,77.17037037037038,103.78888888888889,0.15555555555555556,0.0962962962962963,0.0007776485666664923,266907648,0,0,187.31111111111113,2189.1111111111113,2.0962962962962965,1.4851851851851854,0.0022750080600000004,75340185.6,0,0,3310.140740740741,43202.72592592593,32.648148148148145,23.503703703703707,0.0008192786362962193,329407692.8,0,0,717.7666666666667,3686.6666666666665,3.2444444444444445,2.688888888888889,0.0032799538518517054,596393984,0,4793.837037037038,230.94074074074072,3111.5407407407406,2.5962962962962965,1.2074074074074075,0.001162940785185219,20353024,0,0,95.2962962962963,128.85925925925926,0.16666666666666666,0.0925925925925926,0.000754054677777613,306716672,0,0,123.25185185185185,789.325925925926,0.6111111111111112,0.43333333333333335,0.0005664200222209156,36532224,0,0,191.9962962962963,301.3962962962963,1.5148148148148148,1.5296296296296297,0.0031504357666664066,560324608,0,2002.488888888889,149.02962962962962,1385.9666666666667,1.9037037037037037,1.4703703703703705,0.008529606551851261,132956160,0,0,92.6888888888889,299.3851851851852,0.6703703703703704,0.562962962962963,0.0014148722814811495,309702656,0,0,400.0518518518519,529.0444444444445,4.762962962962963,4.092592592592593,1.38,14.933333333328894,1459924992,443369.2444444444,0,54377.08148148149,168279.54074074075,0.87,16.19999999999976,4101881856,670105.6,91.02222222222221,181026.00370370367,166107.05555555553,0.78,18.89999999999996,484360192,745107.911111111,2912.7111111111108,86952.64074074074,75059.18518518518,0.67,36.599999999998545,6020292608,1240359.822222222,1183.2888888888888,766901.4666666667,706418.2518518518,1.41,19.86666666666868,5622726656,106496,0,794947.6740740743,774737.3851851851
1577181720,2019-12-24 18:02:00,0,null,0,0.0024562719999998706,3.333333333333333,0.0012318899499991255,0,null,0,0.0018047334999984344,0,null,0,0.008877348500000437,0,0.0012770602111130656,360566784,0,0,196.94814814814816,1596.1962962962964,1.3111111111111113,0.9962962962962963,0.0032268581555534317,707026944,0,4824.177777777778,114.24814814814815,2828.0555555555557,1.2111111111111112,1,0.001195333729629582,22683648,0,0,86.62222222222222,116.61481481481482,0.1703703703703704,0.10370370370370371,0.0007665319143420791,266907648,0,0,208.13765721989301,2432.1639679412156,2.329595117109376,1.648123731500274,0.002273499768639465,75216486.4,0,0,3295.3532507337336,42994.99031059622,32.4665718532565,23.38511626988242,0.0008307605606289646,329407692.8,0,0,721.0904677406701,3688.4742435640183,3.26665733895849,2.711103045386982,0.0029856895268219794,596393984,0,4429.682523221878,215.75976652197744,2815.1286647605216,2.414779040310514,1.125909245788951,0.0011701489111111394,20353024,0,0,76.23703703703704,103.11481481481482,0.13333333333333333,0.07407407407407407,0.0007390274255192154,306716672,0,0,122.90929023273728,788.7586850565176,0.6036947600776285,0.4222159671708567,0.0005360871320417211,36532224,0,0,188.4823928534392,297.8215137553517,1.4629412897586702,1.4777558850979984,0.0031504357666664066,560324608,0,2002.488888888889,149.02962962962962,1385.9666666666667,1.9037037037037037,1.4703703703703705,0.008529606551851261,132956160,0,0,92.6888888888889,299.3851851851852,0.6703703703703704,0.562962962962963,0.0014148722814811495,309702656,0,0,400.0518518518519,529.0444444444445,4.762962962962963,4.092592592592593,1.38,14.933333333328894,1459924992,443369.2444444444,0,54377.08148148149,168279.54074074075,1.71,17.466666666668974,4099776512,631148.0888888888,91.02222222222221,185068.68518518523,168725.23333333334,0.78,18.89999999999996,484360192,745107.911111111,2912.7111111111108,86952.64074074074,75059.18518518518,0.67,36.599999999998545,6020292608,1240359.822222222,1183.2888888888888,766901.4666666667,706418.2518518518,1,15.499999999991243,5645713408,108134.4,0,1182698.037037037,1174752.7999999998
1577181730,2019-12-24 18:02:10,0,null,0,0.002500135500000056,3.333333333333333,0.001246325669999511,0,null,0,0.0018047334999984344,0,null,0,0.008877348500000437,0,0.0012770602111130656,360566784,0,0,196.94814814814816,1596.1962962962964,1.3111111111111113,0.9962962962962963,0.0032268581555534317,707026944,0,4824.177777777778,114.24814814814815,2828.0555555555557,1.2111111111111112,1,0.001195333729629582,22683648,0,0,86.62222222222222,116.61481481481482,0.1703703703703704,0.10370370370370371,0.0007665319143420791,266907648,0,0,208.13765721989301,2432.1639679412156,2.329595117109376,1.648123731500274,0.002273499768639465,75216486.4,0,0,3295.3532507337336,42994.99031059622,32.4665718532565,23.38511626988242,0.0008307605606289646,329407692.8,0,0,721.0904677406701,3688.4742435640183,3.26665733895849,2.711103045386982,0.0029856895268219794,596393984,0,4429.682523221878,215.75976652197744,2815.1286647605216,2.414779040310514,1.125909245788951,0.0011701489111111394,20353024,0,0,76.23703703703704,103.11481481481482,0.13333333333333333,0.07407407407407407,0.0007390274255192154,306716672,0,0,122.90929023273728,788.7586850565176,0.6036947600776285,0.4222159671708567,0.0005360871320417211,36532224,0,0,188.4823928534392,297.8215137553517,1.4629412897586702,1.4777558850979984,0.0031504357666664066,560324608,0,2002.488888888889,149.02962962962962,1385.9666666666667,1.9037037037037037,1.4703703703703705,0.008529606551851261,132956160,0,0,92.6888888888889,299.3851851851852,0.6703703703703704,0.562962962962963,0.0014148722814811495,309702656,0,0,400.0518518518519,529.0444444444445,4.762962962962963,4.092592592592593,1.38,14.933333333328894,1459924992,443369.2444444444,0,54377.08148148149,168279.54074074075,1.71,17.466666666668974,4099776512,631148.0888888888,91.02222222222221,185068.68518518523,168725.23333333334,0.67,15.200000000000069,485441536,683030.7555555555,2912.7111111111108,87554.59259259258,76245.08518518519,1.08,42.2333333333361,6021984256,3433540.2666666666,212263.8222222222,1272609.2370370373,1208389.144444445,1,15.499999999991243,5645713408,108134.4,0,1182698.037037037,1174752.7999999998
1577181740,2019-12-24 18:02:20,0,null,0,0.002500135500000056,3.333333333333333,0.0013534734299990882,0,null,0,0.0031255074999982924,0,null,0,0.008877348500000437,0,0.0012628972259268198,360566784,0,0,196.94814814814816,1596.440740740741,1.3111111111111113,1,0.0031926159666639895,707026944,0,4824.177777777778,116.67037037037036,2831.8,1.2407407407407407,1.0148148148148148,0.001195333729629582,22683648,0,0,86.62222222222222,116.61481481481482,0.1703703703703704,0.10370370370370371,0.0007665319143420791,266907648,0,0,208.13765721989301,2432.1639679412156,2.329595117109376,1.648123731500274,0.0022277446982691667,75074764.8,0,0,3308.445843326326,43166.99771800363,32.52953481621946,23.451782936549087,0.0008439421317401222,329407692.8,0,0,737.3571344073366,3771.4260954158703,3.3592499315510826,2.7888808231647597,0.0029856895268219794,596393984,0,4429.682523221878,215.75976652197744,2815.1286647605216,2.414779040310514,1.125909245788951,0.0011701489111111394,20353024,0,0,76.23703703703704,103.11481481481482,0.13333333333333333,0.07407407407407407,0.0007390274255192154,306716672,0,0,122.90929023273728,788.7586850565176,0.6036947600776285,0.4222159671708567,0.0005360871320417211,36532224,0,0,188.4823928534392,297.8215137553517,1.4629412897586702,1.4777558850979984,0.0033134565518526805,560443392,0,2002.488888888889,183.65185185185186,1574.925925925926,2.3962962962962964,1.9296296296296298,0.008435752655555007,133087232,0,0,92.41481481481482,299.15555555555557,0.6666666666666666,0.5592592592592592,0.0015049155999998188,309702656,0,0,405.22962962962964,534.674074074074,4.82962962962963,4.137037037037037,0.91,17.13333333333068,1430118400,434084.97777777776,0,54395.32592592593,168022.13333333333,1.71,17.466666666668974,4099776512,631148.0888888888,91.02222222222221,185068.68518518523,168725.23333333334,0.67,15.200000000000069,485441536,683030.7555555555,2912.7111111111108,87554.59259259258,76245.08518518519,1.08,42.2333333333361,6021984256,3433540.2666666666,212263.8222222222,1272609.2370370373,1208389.144444445,1,15.499999999991243,5645713408,108134.4,0,1182698.037037037,1174752.7999999998
1577181750,2019-12-24 18:02:30,0,null,0,0.002500135500000056,3.333333333333333,0.0014835938599991217,0,null,0,0.0031255074999982924,0,null,0,0.005150525499999503,0,0.0012628972259268198,360566784,0,0,196.94814814814816,1596.440740740741,1.3111111111111113,1,0.0031926159666639895,707026944,0,4824.177777777778,116.67037037037036,2831.8,1.2407407407407407,1.0148148148148148,0.0011828704111110256,22683648,0,0,86.46666666666667,116.4925925925926,0.16666666666666666,0.1,0.000794456355878598,266907648,0,0,187.44305597736314,2192.0763549899634,2.0962807682906055,1.4703594788186756,0.0022352631960325486,75142758.4,0,0,3361.928383246544,43861.5272001003,33.10365511695799,23.87403876569364,0.0008459922145270684,329407692.8,0,0,746.2914496929652,3849.112461059959,3.396291248322715,2.79999574763095,0.0033121874097231108,595963904,0,4763.461011399915,217.81320138369344,2816.1828430900514,2.4370189850445554,1.1555469959481783,0.0012013189481481109,20353024,0,0,86.13333333333334,117.24814814814815,0.15555555555555556,0.08888888888888889,0.0007840086406767909,306716672,0,0,111.92509685113444,710.9799186672691,0.5666624691668951,0.39999703705898476,0.0005769526522026033,36532224,0,0,204.21700579995704,313.53471455766993,1.699987407500685,1.714802112576944,0.0033134565518526805,560443392,0,2002.488888888889,183.65185185185186,1574.925925925926,2.3962962962962964,1.9296296296296298,0.008435752655555007,133087232,0,0,92.41481481481482,299.15555555555557,0.6666666666666666,0.5592592592592592,0.0015049155999998188,309702656,0,0,405.22962962962964,534.674074074074,4.82962962962963,4.137037037037037,0.91,17.13333333333068,1430118400,434084.97777777776,0,54395.32592592593,168022.13333333333,1.55,21.633333333335003,4106244096,666737.7777777778,91.02222222222221,180838.30000000002,165561.7037037037,0.67,15.200000000000069,485441536,683030.7555555555,2912.7111111111108,87554.59259259258,76245.08518518519,1.08,42.2333333333361,6021984256,3433540.2666666666,212263.8222222222,1272609.2370370373,1208389.144444445,1.02,16.40000000000479,5611220992,108134.4,0,1619757.7814814823,1624588.1444444447
1577181760,2019-12-24 18:02:40,0,null,0,0.001767659000000421,3.333333333333333,0.0015366389799997297,0,null,0,0.0031255074999982924,0,null,0,0.005150525499999503,0,0.0012628972259268198,360566784,0,0,196.94814814814816,1596.440740740741,1.3111111111111113,1,0.0031926159666639895,707026944,0,4824.177777777778,116.67037037037036,2831.8,1.2407407407407407,1.0148148148148148,0.0011828704111110256,22683648,0,0,86.46666666666667,116.4925925925926,0.16666666666666666,0.1,0.000794456355878598,266907648,0,0,187.44305597736314,2192.0763549899634,2.0962807682906055,1.4703594788186756,0.0022352631960325486,75142758.4,0,0,3361.928383246544,43861.5272001003,33.10365511695799,23.87403876569364,0.0008459922145270684,329407692.8,0,0,746.2914496929652,3849.112461059959,3.396291248322715,2.79999574763095,0.0033121874097231108,595963904,0,4763.461011399915,217.81320138369344,2816.1828430900514,2.4370189850445554,1.1555469959481783,0.0012013189481481109,20353024,0,0,86.13333333333334,117.24814814814815,0.15555555555555556,0.08888888888888889,0.0007840086406767909,306716672,0,0,111.92509685113444,710.9799186672691,0.5666624691668951,0.39999703705898476,0.0005769526522026033,36532224,0,0,204.21700579995704,313.53471455766993,1.699987407500685,1.714802112576944,0.0033134565518526805,560443392,0,2002.488888888889,183.65185185185186,1574.925925925926,2.3962962962962964,1.9296296296296298,0.008435752655555007,133087232,0,0,92.41481481481482,299.15555555555557,0.6666666666666666,0.5592592592592592,0.0015049155999998188,309702656,0,0,405.22962962962964,534.674074074074,4.82962962962963,4.137037037037037,0.91,17.13333333333068,1430118400,434084.97777777776,0,54395.32592592593,168022.13333333333,1.55,21.633333333335003,4106244096,666737.7777777778,91.02222222222221,180838.30000000002,165561.7037037037,0.75,13.700000000000042,485036032,742832.3555555554,0,86973.78518518517,75064.69259259259,1.57,43.09999999999567,6025854976,6985409.422222222,310431.2888888889,1683690.7962962964,1613040.4666666666,1.02,16.40000000000479,5611220992,108134.4,0,1619757.7814814823,1624588.1444444447
1577181770,2019-12-24 18:02:50,0,null,0,0.001767659000000421,3.333333333333333,0.001614332460000405,0,null,0,0.0025862765000006505,0,null,0,0.005150525499999503,0,0.0012689986481442853,360566784,0,0,182.2111111111111,1440.925925925926,1.2333333333333334,0.9592592592592593,0.003171940744437894,707026944,0,4824.177777777778,110.15185185185184,2824.077777777778,1.1703703703703705,0.9703703703703704,0.0011828704111110256,22683648,0,0,86.46666666666667,116.4925925925926,0.16666666666666666,0.1,0.000794456355878598,266907648,0,0,187.44305597736314,2192.0763549899634,2.0962807682906055,1.4703594788186756,0.0022445228804770785,75300864,0,0,3339.8913462095074,43589.08275565586,32.92958104288391,23.799964691619564,0.0008508682967492644,329407692.8,0,0,734.5988571003727,3770.3050536525516,3.366661618693085,2.7851809328161354,0.0033121874097231108,595963904,0,4763.461011399915,217.81320138369344,2816.1828430900514,2.4370189850445554,1.1555469959481783,0.0012013189481481109,20353024,0,0,86.13333333333334,117.24814814814815,0.15555555555555556,0.08888888888888889,0.0007840086406767909,306716672,0,0,111.92509685113444,710.9799186672691,0.5666624691668951,0.39999703705898476,0.0005769526522026033,36532224,0,0,204.21700579995704,313.53471455766993,1.699987407500685,1.714802112576944,0.0033258964962981368,560324608,0,2123.851851851852,185.2,1576.3296296296298,2.414814814814815,1.937037037037037,0.008394493074074154,132956160,0,0,91.77037037037037,298.5481481481482,0.6555555555555557,0.5481481481481482,0.001413086637037648,309702656,0,0,365.91111111111115,483.7851851851852,4.359259259259259,3.744444444444445,0.79,19.06666666666988,1430941696,439000.1777777777,0,55420.822222222225,175507.32962962962,1.55,21.633333333335003,4106244096,666737.7777777778,91.02222222222221,180838.30000000002,165561.7037037037,0.75,13.700000000000042,485036032,742832.3555555554,0,86973.78518518517,75064.69259259259,1.57,43.09999999999567,6025854976,6985409.422222222,310431.2888888889,1683690.7962962964,1613040.4666666666,1.02,16.40000000000479,5611220992,108134.4,0,1619757.7814814823,1624588.1444444447
1577181780,2019-12-24 18:03:00,0,null,0,0.001767659000000421,3.333333333333333,0.0015392433500003833,0,null,0,0.0025862765000006505,0,null,0,0.003507871500001869,0,0.0012689986481442853,360566784,0,0,182.2111111111111,1440.925925925926,1.2333333333333334,0.9592592592592593,0.003171940744437894,707026944,0,4824.177777777778,110.15185185185184,2824.077777777778,1.1703703703703705,0.9703703703703704,0.0012014901037037749,22626304,0,0,86.46666666666667,116.4925925925926,0.16666666666666666,0.1,0.0008039977814818216,266907648,0,0,187.44444444444446,2192.0925925925926,2.0962962962962965,1.4703703703703705,0.00222446109925929,75221401.6,0,0,3323.2333333333336,43345.05185185186,32.72592592592593,23.633333333333333,0.000856954301481294,329407692.8,0,0,724.162962962963,3691.740740740741,3.337037037037037,2.7703703703703706,0.0033514208370370906,595976192,0,4854.518518518518,216.92592592592592,2814.814814814815,2.433333333333333,1.1777777777777778,0.0011724877370370367,20377600,0,0,86.53333333333333,117.3037037037037,0.16296296296296298,0.0925925925925926,0.0008025825851855525,306716672,0,0,111.85925925925928,710.7037037037037,0.562962962962963,0.3925925925925926,0.0005396118259240111,36532224,0,0,203.7777777777778,312.8407407407408,1.6962962962962964,1.7074074074074077,0.0033258964962981368,560324608,0,2123.851851851852,185.2,1576.3296296296298,2.414814814814815,1.937037037037037,0.008394493074074154,132956160,0,0,91.77037037037037,298.5481481481482,0.6555555555555557,0.5481481481481482,0.001413086637037648,309702656,0,0,365.91111111111115,483.7851851851852,4.359259259259259,3.744444444444445,0.79,19.06666666666988,1430941696,439000.1777777777,0,55420.822222222225,175507.32962962962,0.94,19.13333333333128,4099264512,603295.2888888888,91.02222222222221,181303.11481481482,166418.72222222225,0.75,13.700000000000042,485036032,742832.3555555554,0,86973.78518518517,75064.69259259259,1.57,43.09999999999567,6025854976,6985409.422222222,310431.2888888889,1683690.7962962964,1613040.4666666666,0.68,16.799999999999915,5609250816,120877.5111111111,0,2059408.8370370367,2079169.585185185
1577181790,2019-12-24 18:03:10,0,null,0,0.002533158000000313,3.333333333333333,0.0015032495400003757,0,null,0,0.0025862765000006505,0,null,0,0.003507871500001869,0,0.0012689986481442853,360566784,0,0,182.2111111111111,1440.925925925926,1.2333333333333334,0.9592592592592593,0.003171940744437894,707026944,0,4824.177777777778,110.15185185185184,2824.077777777778,1.1703703703703705,0.9703703703703704,0.0012014901037037749,22626304,0,0,86.46666666666667,116.4925925925926,0.16666666666666666,0.1,0.0008039977814818216,266907648,0,0,187.44444444444446,2192.0925925925926,2.0962962962962965,1.4703703703703705,0.00222446109925929,75221401.6,0,0,3323.2333333333336,43345.05185185186,32.72592592592593,23.633333333333333,0.000856954301481294,329407692.8,0,0,724.162962962963,3691.740740740741,3.337037037037037,2.7703703703703706,0.0033514208370370906,595976192,0,4854.518518518518,216.92592592592592,2814.814814814815,2.433333333333333,1.1777777777777778,0.0011724877370370367,20377600,0,0,86.53333333333333,117.3037037037037,0.16296296296296298,0.0925925925925926,0.0008025825851855525,306716672,0,0,111.85925925925928,710.7037037037037,0.562962962962963,0.3925925925925926,0.0005396118259240111,36532224,0,0,203.7777777777778,312.8407407407408,1.6962962962962964,1.7074074074074077,0.0033258964962981368,560324608,0,2123.851851851852,185.2,1576.3296296296298,2.414814814814815,1.937037037037037,0.008394493074074154,132956160,0,0,91.77037037037037,298.5481481481482,0.6555555555555557,0.5481481481481482,0.001413086637037648,309702656,0,0,365.91111111111115,483.7851851851852,4.359259259259259,3.744444444444445,0.79,19.06666666666988,1430941696,439000.1777777777,0,55420.822222222225,175507.32962962962,0.94,19.13333333333128,4099264512,603295.2888888888,91.02222222222221,181303.11481481482,166418.72222222225,1.08,16.93333333333362,490971136,663825.0666666667,0,87041.95555555556,75052.36296296297,1.68,46.13333333333609,6029664256,9556423.11111111,310203.73333333334,2183300.6703703706,2114786.9814814823,0.68,16.799999999999915,5609250816,120877.5111111111,0,2059408.8370370367,2079169.585185185
1577181800,2019-12-24 18:03:20,0,null,0,0.002533158000000313,3.333333333333333,0.0013493989700011967,0,null,0,0.001815012499999824,0,null,0,0.003507871500001869,0,0.0013224379740710936,360566784,0,0,168.04814814814816,1285.6333333333334,1.1444444444444446,0.9148148148148149,0.0031107621148058337,707026944,0,4793.837037037038,109.66296296296296,2824.077777777778,1.162962962962963,0.9703703703703704,0.0012014901037037749,22626304,0,0,86.46666666666667,116.4925925925926,0.16666666666666666,0.1,0.0008039977814818216,266907648,0,0,187.44444444444446,2192.0925925925926,2.0962962962962965,1.4703703703703705,0.0021768522511109935,75265638.4,0,0,3306.962962962963,43174.20740740741,32.614814814814814,23.585185185185185,0.0008609535733332737,329407692.8,0,0,710.6925925925926,3610.9629629629635,3.2703703703703706,2.7185185185185183,0.0033514208370370906,595976192,0,4854.518518518518,216.92592592592592,2814.814814814815,2.433333333333333,1.1777777777777778,0.0011724877370370367,20377600,0,0,86.53333333333333,117.3037037037037,0.16296296296296298,0.0925925925925926,0.0008025825851855525,306716672,0,0,111.85925925925928,710.7037037037037,0.562962962962963,0.3925925925925926,0.0005396118259240111,36532224,0,0,203.7777777777778,312.8407407407408,1.6962962962962964,1.7074074074074077,0.0033712530555560618,560324608,0,2002.488888888889,192.4,1737.6259259259261,2.4962962962962965,1.9814814814814816,0.00862123991851823,132956160,0,0,92.17037037037038,299.0074074074074,0.662962962962963,0.5555555555555556,0.0014184685037039175,309702656,0,0,390.5,515.6370370370371,4.655555555555556,3.9962962962962965,0.65,17.766666666661923,1431195648,442914.1333333333,0,54356.45185185185,168003.0555555556,0.94,19.13333333333128,4099264512,603295.2888888888,91.02222222222221,181303.11481481482,166418.72222222225,1.08,16.93333333333362,490971136,663825.0666666667,0,87041.95555555556,75052.36296296297,1.68,46.13333333333609,6029664256,9556423.11111111,310203.73333333334,2183300.6703703706,2114786.9814814823,0.68,16.799999999999915,5609250816,120877.5111111111,0,2059408.8370370367,2079169.585185185
1577181810,2019-12-24 18:03:30,0,null,0,0.002533158000000313,3.333333333333333,0.0013079055600011813,0,null,0,0.001815012499999824,0,null,0,0.006550324499997373,0,0.0013224379740710936,360566784,0,0,168.04814814814816,1285.6333333333334,1.1444444444444446,0.9148148148148149,0.0031107621148058337,707026944,0,4793.837037037038,109.66296296296296,2824.077777777778,1.162962962962963,0.9703703703703704,0.0011899595925925683,22626304,0,0,86.62222222222222,116.66296296296296,0.1703703703703704,0.10370370370370371,0.0008158978222224033,266907648,0,0,187.2888888888889,2192.1814814814816,2.0925925925925926,1.4703703703703705,0.002183156655555565,75411456,0,0,3283.5777777777785,42933.96296296296,32.41111111111111,23.492592592592594,0.0008577814000000638,329407692.8,0,0,710.0740740740742,3610.303703703704,3.2740740740740746,2.7111111111111112,0.0033014352333330626,595980288,0,4793.837037037038,222.31111111111113,2824.6296296296296,2.488888888888889,1.2111111111111112,0.0012506462444444348,20377600,0,0,76.92592592592592,104.33703703703705,0.14444444444444446,0.08148148148148149,0.0007845947666661838,306716672,0,0,112.50370370370369,710.8518518518518,0.5740740740740741,0.3962962962962963,0.0005390189592583704,36532224,0,0,203.13333333333333,312.1740740740741,1.6851851851851853,1.6962962962962964,0.0033712530555560618,560324608,0,2002.488888888889,192.4,1737.6259259259261,2.4962962962962965,1.9814814814814816,0.00862123991851823,132956160,0,0,92.17037037037038,299.0074074074074,0.662962962962963,0.5555555555555556,0.0014184685037039175,309702656,0,0,390.5,515.6370370370371,4.655555555555556,3.9962962962962965,0.65,17.766666666661923,1431195648,442914.1333333333,0,54356.45185185185,168003.0555555556,0.94,14.699999999996608,4099457024,597014.7555555555,91.02222222222221,183465.0925925926,168090.26296296297,1.08,16.93333333333362,490971136,663825.0666666667,0,87041.95555555556,75052.36296296297,1.68,46.13333333333609,6029664256,9556423.11111111,310203.73333333334,2183300.6703703706,2114786.9814814823,0.62,15.133333333333782,5590671360,117054.57777777777,0,2150202.014814815,2173305.7
1577181820,2019-12-24 18:03:40,0,null,0,0.0017819825000007228,3.333333333333333,0.0013770750600004258,0,null,0,0.001815012499999824,0,null,0,0.006550324499997373,0,0.0013224379740710936,360566784,0,0,168.04814814814816,1285.6333333333334,1.1444444444444446,0.9148148148148149,0.0031107621148058337,707026944,0,4793.837037037038,109.66296296296296,2824.077777777778,1.162962962962963,0.9703703703703704,0.0011899595925925683,22626304,0,0,86.62222222222222,116.66296296296296,0.1703703703703704,0.10370370370370371,0.0008158978222224033,266907648,0,0,187.2888888888889,2192.1814814814816,2.0925925925925926,1.4703703703703705,0.002183156655555565,75411456,0,0,3283.5777777777785,42933.96296296296,32.41111111111111,23.492592592592594,0.0008577814000000638,329407692.8,0,0,710.0740740740742,3610.303703703704,3.2740740740740746,2.7111111111111112,0.0033014352333330626,595980288,0,4793.837037037038,222.31111111111113,2824.6296296296296,2.488888888888889,1.2111111111111112,0.0012506462444444348,20377600,0,0,76.92592592592592,104.33703703703705,0.14444444444444446,0.08148148148148149,0.0007845947666661838,306716672,0,0,112.50370370370369,710.8518518518518,0.5740740740740741,0.3962962962962963,0.0005390189592583704,36532224,0,0,203.13333333333333,312.1740740740741,1.6851851851851853,1.6962962962962964,0.0033712530555560618,560324608,0,2002.488888888889,192.4,1737.6259259259261,2.4962962962962965,1.9814814814814816,0.00862123991851823,132956160,0,0,92.17037037037038,299.0074074074074,0.662962962962963,0.5555555555555556,0.0014184685037039175,309702656,0,0,390.5,515.6370370370371,4.655555555555556,3.9962962962962965,0.65,17.766666666661923,1431195648,442914.1333333333,0,54356.45185185185,168003.0555555556,0.94,14.699999999996608,4099457024,597014.7555555555,91.02222222222221,183465.0925925926,168090.26296296297,1.08,17.633333333333397,492351488,736369.7777777778,0,88295.74074074074,77040.03333333334,1.23,13.566666666667432,6035206144,9003190.044444444,98759.1111111111,2184694.2296296298,2111548.581481482,0.62,15.133333333333782,5590671360,117054.57777777777,0,2150202.014814815,2173305.7
1577181830,2019-12-24 18:03:50,0,null,0,0.0017819825000007228,3.333333333333333,0.0021257405099994924,0,null,0,0.0019005165000010036,0,null,0,0.006550324499997373,0,0.001288145040739942,360566784,0,0,181.81111111111113,1440.7740740740742,1.2259259259259259,0.9555555555555556,0.0030843047518525663,707026944,0,4065.659259259259,110.12222222222223,2825.274074074074,1.1666666666666667,0.9740740740740741,0.0011899595925925683,22626304,0,0,86.62222222222222,116.66296296296296,0.1703703703703704,0.10370370370370371,0.0008158978222224033,266907648,0,0,187.2888888888889,2192.1814814814816,2.0925925925925926,1.4703703703703705,0.0021651905792593965,75598233.6,0,0,3281.311111111111,42862.822222222225,32.28888888888889,23.4037037037037,0.000851920659259467,329407692.8,0,0,732.025925925926,3768.3407407407412,3.362962962962963,2.7592592592592595,0.0033014352333330626,595980288,0,4793.837037037038,222.31111111111113,2824.6296296296296,2.488888888888889,1.2111111111111112,0.0012506462444444348,20377600,0,0,76.92592592592592,104.33703703703705,0.14444444444444446,0.08148148148148149,0.0007845947666661838,306716672,0,0,112.50370370370369,710.8518518518518,0.5740740740740741,0.3962962962962963,0.0005390189592583704,36532224,0,0,203.13333333333333,312.1740740740741,1.6851851851851853,1.6962962962962964,0.003407915640740679,560324608,0,2184.5333333333333,185.21481481481482,1571.9185185185186,2.425925925925926,1.8962962962962964,0.008823105855555223,132964352,0,0,92.35555555555555,299.43703703703704,0.6666666666666666,0.562962962962963,0.0014204975703697293,309702656,0,0,390.07037037037037,515.2370370370371,4.648148148148149,3.988888888888889,0.59,17.23333333333746,1430970368,432810.6666666667,0,52348.51481481482,172809.67037037038,0.94,14.699999999996608,4099457024,597014.7555555555,91.02222222222221,183465.0925925926,168090.26296296297,1.08,17.633333333333397,492351488,736369.7777777778,0,88295.74074074074,77040.03333333334,1.23,13.566666666667432,6035206144,9003190.044444444,98759.1111111111,2184694.2296296298,2111548.581481482,0.62,15.133333333333782,5590671360,117054.57777777777,0,2150202.014814815,2173305.7
1577181840,2019-12-24 18:04:00,0,null,0,0.0017819825000007228,3.333333333333333,0.002117347919999322,0,null,0,0.0019005165000010036,0,null,0,0.003147946500000387,0,0.001288145040739942,360566784,0,0,181.81111111111113,1440.7740740740742,1.2259259259259259,0.9555555555555556,0.0030843047518525663,707026944,0,4065.659259259259,110.12222222222223,2825.274074074074,1.1666666666666667,0.9740740740740741,0.0011694585555555173,22626304,0,0,76.85925925925926,103.55925925925926,0.14814814814814814,0.08888888888888889,0.0008200026555557459,266907648,0,0,187.2888888888889,2191.937037037037,2.0925925925925926,1.4666666666666666,0.00221845387111115,75477811.2,0,0,3297.2888888888892,42999.59259259259,32.403703703703705,23.444444444444443,0.0008569750918520135,329407692.8,0,0,717.1518518518519,3686.5444444444447,3.2962962962962963,2.7037037037037037,0.0032831233222223263,595980288,0,4824.177777777778,224.2074074074074,2828.2444444444445,2.511111111111111,1.2370370370370372,0.001175325607407379,20377600,0,0,96.14074074074074,130.1925925925926,0.1814814814814815,0.10370370370370371,0.0007932228407408156,306716672,0,0,111.82962962962964,710.4666666666667,0.562962962962963,0.3888888888888889,0.0005423589444439535,36540416,0,0,193.15925925925927,302.2185185185185,1.5370370370370372,1.5481481481481483,0.003407915640740679,560324608,0,2184.5333333333333,185.21481481481482,1571.9185185185186,2.425925925925926,1.8962962962962964,0.008823105855555223,132964352,0,0,92.35555555555555,299.43703703703704,0.6666666666666666,0.562962962962963,0.0014204975703697293,309702656,0,0,390.07037037037037,515.2370370370371,4.648148148148149,3.988888888888889,0.59,17.23333333333746,1430970368,432810.6666666667,0,52348.51481481482,172809.67037037038,0.95,21.866666666666486,4098215936,612670.5777777777,91.02222222222221,180848.74444444443,165347.11481481485,1.08,17.633333333333397,492351488,736369.7777777778,0,88295.74074074074,77040.03333333334,1.23,13.566666666667432,6035206144,9003190.044444444,98759.1111111111,2184694.2296296298,2111548.581481482,1.92,15.066666666664547,5591478272,123972.26666666666,0,2147837.081481482,2170641.892592593
1577181850,2019-12-24 18:04:10,0,null,0,0.0021433925000007292,3.333333333333333,0.002005889239999732,0,null,0,0.0019005165000010036,0,null,0,0.003147946500000387,0,0.001288145040739942,360566784,0,0,181.81111111111113,1440.7740740740742,1.2259259259259259,0.9555555555555556,0.0030843047518525663,707026944,0,4065.659259259259,110.12222222222223,2825.274074074074,1.1666666666666667,0.9740740740740741,0.0011694585555555173,22626304,0,0,76.85925925925926,103.55925925925926,0.14814814814814814,0.08888888888888889,0.0008200026555557459,266907648,0,0,187.2888888888889,2191.937037037037,2.0925925925925926,1.4666666666666666,0.00221845387111115,75477811.2,0,0,3297.2888888888892,42999.59259259259,32.403703703703705,23.444444444444443,0.0008569750918520135,329407692.8,0,0,717.1518518518519,3686.5444444444447,3.2962962962962963,2.7037037037037037,0.0032831233222223263,595980288,0,4824.177777777778,224.2074074074074,2828.2444444444445,2.511111111111111,1.2370370370370372,0.001175325607407379,20377600,0,0,96.14074074074074,130.1925925925926,0.1814814814814815,0.10370370370370371,0.0007932228407408156,306716672,0,0,111.82962962962964,710.4666666666667,0.562962962962963,0.3888888888888889,0.0005423589444439535,36540416,0,0,193.15925925925927,302.2185185185185,1.5370370370370372,1.5481481481481483,0.003407915640740679,560324608,0,2184.5333333333333,185.21481481481482,1571.9185185185186,2.425925925925926,1.8962962962962964,0.008823105855555223,132964352,0,0,92.35555555555555,299.43703703703704,0.6666666666666666,0.562962962962963,0.0014204975703697293,309702656,0,0,390.07037037037037,515.2370370370371,4.648148148148149,3.988888888888889,0.59,17.23333333333746,1430970368,432810.6666666667,0,52348.51481481482,172809.67037037038,0.95,21.866666666666486,4098215936,612670.5777777777,91.02222222222221,180848.74444444443,165347.11481481485,0.79,13.666666666666677,493092864,683212.8,0,86953.01851851853,74989.38518518518,0.98,11.93333333333309,6015041536,6264695.466666667,318.5777777777778,2176789.5814814814,2108243.0740740737,1.92,15.066666666664547,5591478272,123972.26666666666,0,2147837.081481482,2170641.892592593
1577181860,2019-12-24 18:04:20,0,null,0,0.0021433925000007292,3.333333333333333,0.0018479368800002763,0,null,0,0.0028477759999994134,0,null,0,0.003147946500000387,0,0.0013286638703734583,360566784,0,0,181.96666666666667,1440.7740740740742,1.2296296296296296,0.9555555555555556,0.003183459488893816,707031040,0,5036.562962962963,110.27777777777779,2825.274074074074,1.1703703703703705,0.9740740740740741,0.0011694585555555173,22626304,0,0,76.85925925925926,103.55925925925926,0.14814814814814814,0.08888888888888889,0.0008200026555557459,266907648,0,0,187.2888888888889,2191.937037037037,2.0925925925925926,1.4666666666666666,0.0022096093896296527,75576934.4,0,0,3325.7111111111108,43418.044444444444,32.75555555555556,23.733333333333334,0.0008517002111112241,329407692.8,0,0,718.9037037037037,3687.1703703703706,3.3111111111111113,2.7074074074074077,0.0032831233222223263,595980288,0,4824.177777777778,224.2074074074074,2828.2444444444445,2.511111111111111,1.2370370370370372,0.001175325607407379,20377600,0,0,96.14074074074074,130.1925925925926,0.1814814814814815,0.10370370370370371,0.0007932228407408156,306716672,0,0,111.82962962962964,710.4666666666667,0.562962962962963,0.3888888888888889,0.0005423589444439535,36540416,0,0,193.15925925925927,302.2185185185185,1.5370370370370372,1.5481481481481483,0.003335661314812805,560324608,0,2063.1703703703706,176.14074074074077,1562.9481481481482,2.285185185185185,1.7481481481481482,0.008676013166666087,132956160,0,0,92.51111111111112,299.47407407407405,0.6703703703703704,0.562962962962963,0.001421880122222353,309702656,0,0,396.93333333333334,523.7259259259259,4.733333333333333,4.055555555555556,0.69,16.333333333333684,1430376448,435359.28888888884,0,52120.71481481481,166879.4740740741,0.95,21.866666666666486,4098215936,612670.5777777777,91.02222222222221,180848.74444444443,165347.11481481485,0.79,13.666666666666677,493092864,683212.8,0,86953.01851851853,74989.38518518518,0.98,11.93333333333309,6015041536,6264695.466666667,318.5777777777778,2176789.5814814814,2108243.0740740737,1.92,15.066666666664547,5591478272,123972.26666666666,0,2147837.081481482,2170641.892592593
1577181870,2019-12-24 18:04:30,0,null,0,0.0021433925000007292,3.333333333333333,0.0017972771100005502,0,null,0,0.0028477759999994134,0,null,0,0.0036783869999972296,0,0.0013286638703734583,360566784,0,0,181.96666666666667,1440.7740740740742,1.2296296296296296,0.9555555555555556,0.003183459488893816,707031040,0,5036.562962962963,110.27777777777779,2825.274074074074,1.1703703703703705,0.9740740740740741,0.00118161355925921,22626304,0,0,96.07407407407408,129.4185185185185,0.1851851851851852,0.11111111111111112,0.0008183023703707107,266907648,0,0,207.96296296296296,2435.114814814815,2.3222222222222224,1.6296296296296298,0.0021682177488889075,75568742.4,0,0,3316.866666666667,43386.118518518524,32.72962962962963,23.770370370370372,0.0008773129525926986,329407692.8,0,0,723.0703703703704,3689.5703703703703,3.32962962962963,2.7333333333333334,0.0031371990629631237,595980288,0,4217.362962962963,219.75925925925927,2820.233333333333,2.4555555555555557,1.2148148148148148,0.0011572351999999623,20377600,0,0,86.6888888888889,117.41851851851851,0.16666666666666666,0.0962962962962963,0.0008082402703697274,306716672,0,0,112.50370370370369,710.8814814814815,0.5740740740740741,0.3962962962962963,0.0005392670555550097,36540416,0,0,201.42222222222225,311.0111111111111,1.6592592592592594,1.6777777777777778,0.003335661314812805,560324608,0,2063.1703703703706,176.14074074074077,1562.9481481481482,2.285185185185185,1.7481481481481482,0.008676013166666087,132956160,0,0,92.51111111111112,299.47407407407405,0.6703703703703704,0.562962962962963,0.001421880122222353,309702656,0,0,396.93333333333334,523.7259259259259,4.733333333333333,4.055555555555556,0.69,16.333333333333684,1430376448,435359.28888888884,0,52120.71481481481,166879.4740740741,0.98,18.433333333334854,4100202496,668740.2666666667,91.02222222222221,182134.8037037037,167528.07777777777,0.79,13.666666666666677,493092864,683212.8,0,86953.01851851853,74989.38518518518,0.98,11.93333333333309,6015041536,6264695.466666667,318.5777777777778,2176789.5814814814,2108243.0740740737,1.81,14.633333333326087,5590077440,126429.86666666667,0,2147770.8888888885,2171059.7888888894
1577181880,2019-12-24 18:04:40,0,null,0,0.0026950724999998954,3.333333333333333,0.00177960373000051,0,null,0,0.0028477759999994134,0,null,0,0.0036783869999972296,0,0.0013286638703734583,360566784,0,0,181.96666666666667,1440.7740740740742,1.2296296296296296,0.9555555555555556,0.003183459488893816,707031040,0,5036.562962962963,110.27777777777779,2825.274074074074,1.1703703703703705,0.9740740740740741,0.00118161355925921,22626304,0,0,96.07407407407408,129.4185185185185,0.1851851851851852,0.11111111111111112,0.0008183023703707107,266907648,0,0,207.96296296296296,2435.114814814815,2.3222222222222224,1.6296296296296298,0.0021682177488889075,75568742.4,0,0,3316.866666666667,43386.118518518524,32.72962962962963,23.770370370370372,0.0008773129525926986,329407692.8,0,0,723.0703703703704,3689.5703703703703,3.32962962962963,2.7333333333333334,0.0031371990629631237,595980288,0,4217.362962962963,219.75925925925927,2820.233333333333,2.4555555555555557,1.2148148148148148,0.0011572351999999623,20377600,0,0,86.6888888888889,117.41851851851851,0.16666666666666666,0.0962962962962963,0.0008082402703697274,306716672,0,0,112.50370370370369,710.8814814814815,0.5740740740740741,0.3962962962962963,0.0005392670555550097,36540416,0,0,201.42222222222225,311.0111111111111,1.6592592592592594,1.6777777777777778,0.003335661314812805,560324608,0,2063.1703703703706,176.14074074074077,1562.9481481481482,2.285185185185185,1.7481481481481482,0.008676013166666087,132956160,0,0,92.51111111111112,299.47407407407405,0.6703703703703704,0.562962962962963,0.001421880122222353,309702656,0,0,396.93333333333334,523.7259259259259,4.733333333333333,4.055555555555556,0.69,16.333333333333684,1430376448,435359.28888888884,0,52120.71481481481,166879.4740740741,0.98,18.433333333334854,4100202496,668740.2666666667,91.02222222222221,182134.8037037037,167528.07777777777,0.71,15.933333333333715,468611072,761036.8,0,87869.91111111111,75572.74444444444,0.76,10.833333333333522,6016770048,2528688.3555555553,91.02222222222221,2177608.3222222226,2109839.988888889,1.81,14.633333333326087,5590077440,126429.86666666667,0,2147770.8888888885,2171059.7888888894
1577181890,2019-12-24 18:04:50,0,null,0,0.0026950724999998954,3.333333333333333,0.0011512082199999797,0,null,0,0.0029299779999973907,0,null,0,0.0036783869999972296,0,0.0012709301851861745,360566784,0,0,168.11481481481482,1285.8148148148148,1.1481481481481481,0.9185185185185185,0.003161315307402725,707031040,0,4429.748148148148,110.27777777777779,2825.274074074074,1.1703703703703705,0.9740740740740741,0.00118161355925921,22626304,0,0,96.07407407407408,129.4185185185185,0.1851851851851852,0.11111111111111112,0.0008183023703707107,266907648,0,0,207.96296296296296,2435.114814814815,2.3222222222222224,1.6296296296296298,0.0021681384518517123,75688345.6,0,0,3366.903703703704,44077.82962962963,33.25185185185185,24.144444444444446,0.0008920175674072401,329407692.8,0,0,711.5962962962964,3609.77037037037,3.2814814814814817,2.6962962962962966,0.0031371990629631237,595980288,0,4217.362962962963,219.75925925925927,2820.233333333333,2.4555555555555557,1.2148148148148148,0.0011572351999999623,20377600,0,0,86.6888888888889,117.41851851851851,0.16666666666666666,0.0962962962962963,0.0008082402703697274,306716672,0,0,112.50370370370369,710.8814814814815,0.5740740740740741,0.3962962962962963,0.0005392670555550097,36540416,0,0,201.42222222222225,311.0111111111111,1.6592592592592594,1.6777777777777778,0.0034191961777785902,560443392,0,2245.214814814815,166.2740740740741,1553.0814814814814,2.137037037037037,1.6,0.008665919622222242,132956160,0,0,92.11111111111111,299.037037037037,0.662962962962963,0.5555555555555556,0.001502475629629569,309702656,0,0,383.4592592592593,506.1703703703704,4.57037037037037,3.9148148148148154,0.96,17.300000000002502,1431252992,432355.5555555555,0,51751.92222222222,166559.9740740741,0.98,18.433333333334854,4100202496,668740.2666666667,91.02222222222221,182134.8037037037,167528.07777777777,0.71,15.933333333333715,468611072,761036.8,0,87869.91111111111,75572.74444444444,0.76,10.833333333333522,6016770048,2528688.3555555553,91.02222222222221,2177608.3222222226,2109839.988888889,1.81,14.633333333326087,5590077440,126429.86666666667,0,2147770.8888888885,2171059.7888888894
1577181900,2019-12-24 18:05:00,0,null,0,0.0026950724999998954,3.333333333333333,0.001147164519999784,0,null,0,0.0029299779999973907,0,null,0,0.004383465000000086,0,0.0012709301851861745,360566784,0,0,168.11481481481482,1285.8148148148148,1.1481481481481481,0.9185185185185185,0.003161315307402725,707031040,0,4429.748148148148,110.27777777777779,2825.274074074074,1.1703703703703705,0.9740740740740741,0.0011834720148148866,22626304,0,0,76.85925925925926,103.57777777777778,0.14814814814814814,0.08888888888888889,0.0008141858222222288,266907648,0,0,187.13333333333333,2191.7814814814815,2.088888888888889,1.462962962962963,0.002148673070370166,75627724.8,0,0,3339.207407407407,43729.80740740741,32.9,23.90740740740741,0.0008900076474073002,329407692.8,0,0,711.2,3609.114814814815,3.2925925925925927,2.6925925925925926,0.0031052302370371595,595984384,0,4520.770370370371,213.7962962962963,2812.5407407407406,2.3814814814814813,1.1703703703703705,0.0011893623259259319,20377600,0,0,86.6888888888889,117.41851851851851,0.16666666666666666,0.0962962962962963,0.0008103926851853666,306716672,0,0,111.91851851851851,710.3333333333334,0.562962962962963,0.3851851851851852,0.0005406989074092255,36483072,0,0,162.2703703703704,271.41851851851857,1.0703703703703704,1.0814814814814815,0.0034191961777785902,560443392,0,2245.214814814815,166.2740740740741,1553.0814814814814,2.137037037037037,1.6,0.008665919622222242,132956160,0,0,92.11111111111111,299.037037037037,0.662962962962963,0.5555555555555556,0.001502475629629569,309702656,0,0,383.4592592592593,506.1703703703704,4.57037037037037,3.9148148148148154,0.96,17.300000000002502,1431252992,432355.5555555555,0,51751.92222222222,166559.9740740741,0.79,19.766666666661667,4104228864,680027.0222222222,91.02222222222221,181647.1444444445,166635.08148148152,0.71,15.933333333333715,468611072,761036.8,0,87869.91111111111,75572.74444444444,0.76,10.833333333333522,6016770048,2528688.3555555553,91.02222222222221,2177608.3222222226,2109839.988888889,1.53,14.866666666663791,5591916544,132619.37777777776,0,2148497.518518518,2170833.155555556
